"rsID","observed","expected","model","trait","causal"
"rs6948782",3.202576e-30,6.19316685605371e-08,"mvLMM","all","with effect"
"rs28788872",8.465234e-24,1.85795005681611e-07,"mvLMM","all","with effect"
"5-7362997",3.824327e-17,1.30056503977128e-06,"mvLMM","all","with effect"
"rs10953472",7.711818e-10,2.79311825208022e-05,"mvLMM","all","with effect"
"rs6891963",1.522443e-06,4.51481863806315e-05,"mvLMM","all","with effect"
"rs347421",0.006818504,0.0101349317649262,"mvLMM","all","with effect"
"rs11216590",0.01808669,0.0266667236438017,"mvLMM","all","with effect"
"rs62461360",0.3500164,0.478280006450803,"mvLMM","all","with effect"
"rs12576450",0.5189191,0.688859322710318,"mvLMM","all","with effect"
"rs6948782",8.525384e-08,6.19316685605371e-08,"uvLMM","trait1","with effect"
"rs28788872",8.977751e-06,8.98009194127788e-06,"uvLMM","trait1","with effect"
"5-7362997",1.320489e-05,1.49255321230894e-05,"uvLMM","trait1","with effect"
"rs10953472",0.0001711909,0.000146839986157033,"uvLMM","trait1","with effect"
"rs11216590",0.003411716,0.00347157968116091,"uvLMM","trait1","with effect"
"rs6891963",0.01250972,0.0125823474431015,"uvLMM","trait1","with effect"
"rs347421",0.1213753,0.123102506572808,"uvLMM","trait1","with effect"
"rs62461360",0.2461324,0.247830409786987,"uvLMM","trait1","with effect"
"rs12576450",0.69212,0.69329375404259,"uvLMM","trait1","with effect"
"rs6948782",1.392764e-18,6.19316685605371e-08,"uvLMM","trait2","with effect"
"rs28788872",9.070022e-15,1.85795005681611e-07,"uvLMM","trait2","with effect"
"5-7362997",2.321156e-10,8.05111691286982e-07,"uvLMM","trait2","with effect"
"rs10953472",8.434739e-06,4.03175162329096e-05,"uvLMM","trait2","with effect"
"rs6891963",5.578154e-05,0.000104230998187384,"uvLMM","trait2","with effect"
"rs347421",0.0795464,0.0802179226780641,"uvLMM","trait2","with effect"
"rs12576450",0.5234497,0.524741268068255,"uvLMM","trait2","with effect"
"rs62461360",0.5461021,0.5474569370529,"uvLMM","trait2","with effect"
"rs11216590",0.9000301,0.90074973239326,"uvLMM","trait2","with effect"
"rs28788872",0.001397267,0.00145112092604194,"uvLMM","trait3","with effect"
"rs347421",0.06847544,0.0699269850400339,"uvLMM","trait3","with effect"
"5-7362997",0.09176134,0.0930759279779285,"uvLMM","trait3","with effect"
"rs12576450",0.3908786,0.393671066540128,"uvLMM","trait3","with effect"
"rs6891963",0.5545924,0.556955644786704,"uvLMM","trait3","with effect"
"rs6948782",0.5819357,0.583958100005772,"uvLMM","trait3","with effect"
"rs62461360",0.7192035,0.721118166366793,"uvLMM","trait3","with effect"
"rs11216590",0.8482654,0.848914164441462,"uvLMM","trait3","with effect"
"rs10953472",0.9546342,0.954936721936965,"uvLMM","trait3","with effect"
